{
  "controller/User_View-dbg.controller.js": 1656657716085,
  "utils/locate-reuse-libs.js": 1656416000578,
  "manifest.json": 1656917147192,
  "model/models.js": 1656416000553,
  "controller/User_View.controller.js": 1656657716085,
  "Component.js": 1656483712828,
  "manifest-bundle.zip": 1656917147272,
  "Component-preload.js": 1656917148299,
  "utils/locate-reuse-libs-dbg.js": 1656416000578,
  "model/models-dbg.js": 1656416000553,
  "i18n/i18n.properties": 1656416000543,
  "Component-dbg.js": 1656483712828,
  "view/User_View.view.xml": 1656416000588,
  "css/style.css": 1656416000537,
  "index.html": 1656416000546
}